{
  "version": 1,
  "author": "Minh Nguyễn",
  "editor": "wokwi",
  "parts": [
    { "type": "board-wemos-s2-mini", "id": "esp", "top": -20.26, "left": -340.8, "attrs": {} },
    {
      "type": "board-ssd1306",
      "id": "oled",
      "top": -6.46,
      "left": -489.37,
      "attrs": { "i2cAddress": "0x3c" }
    },
    {
      "type": "wokwi-hx711",
      "id": "cell",
      "top": -26.2,
      "left": -199,
      "attrs": { "type": "50kg" }
    },
    {
      "type": "wokwi-pushbutton",
      "id": "btnUp",
      "top": 207.8,
      "left": -470.4,
      "attrs": { "color": "grey", "label": "UP" }
    },
    {
      "type": "wokwi-pushbutton",
      "id": "btnDown",
      "top": 207,
      "left": -370,
      "attrs": { "color": "grey", "label": "DOWN" }
    },
    {
      "type": "wokwi-pushbutton",
      "id": "btnMode",
      "top": 207,
      "left": -270,
      "attrs": { "color": "green", "label": "MODE" }
    },
    {
      "type": "wokwi-pushbutton",
      "id": "btnTare",
      "top": 207,
      "left": -170,
      "attrs": { "color": "blue", "label": "TARE" }
    },
    {
      "type": "wokwi-pushbutton",
      "id": "btnRecord",
      "top": 207,
      "left": -70,
      "attrs": { "color": "green", "label": "RECORD" }
    }
  ],
  "connections": [
    [ "esp:VBUS", "cell:VCC", "green", [ "h47.85", "v-48" ] ],
    [ "esp:GND.1", "cell:GND", "black", [ "h57.45", "v-66.9" ] ],
    [ "esp:GND.2", "btnUp:2.l", "black", [ "v0", "h19.05", "v67.2", "h-249.6", "v105.6" ] ],
    [ "btnUp:2.r", "btnDown:2.l", "green", [ "h0" ] ],
    [ "btnDown:2.r", "btnMode:2.l", "green", [ "h0" ] ],
    [ "btnMode:2.r", "btnTare:2.l", "green", [ "h0" ] ],
    [ "btnTare:2.r", "btnRecord:2.l", "green", [ "h0" ] ],
    [ "btnUp:1.r", "esp:16", "green", [ "v-86.4", "h173", "v-76.8" ] ],
    [ "btnDown:1.r", "esp:17", "green", [ "v-85.6", "h72.6", "v-76.8" ] ],
    [ "btnMode:1.r", "esp:18", "green", [ "v-85.6", "h-27.4", "v-86.4" ] ],
    [ "btnTare:1.r", "esp:15", "green", [ "v-85.6", "h-127.4", "v-57.6" ] ],
    [ "btnRecord:1.r", "esp:21", "green", [ "v-85.6", "h-227.4", "v-86.4" ] ],
    [ "esp:38", "cell:SCK", "green", [ "v0" ] ],
    [ "esp:39", "cell:DT", "green", [ "v0", "h57.45" ] ],
    [ "esp:GND.2", "oled:GND", "black", [ "v0", "h9.45", "v-96", "h-144", "v19.2", "h-67.2" ] ],
    [ "esp:3V3", "oled:VCC", "green", [ "h-9.6", "v-86.4", "h-96" ] ],
    [ "esp:33(SDA)", "oled:SDA", "green", [ "h9.45", "v-67.2", "h-144", "v19.2", "h-38.4" ] ],
    [ "esp:35(SCL)", "oled:SCL", "green", [ "v0", "h9.45", "v-57.6", "h-144", "v19.2", "h-48" ] ]
  ],
  "dependencies": {}
}