{
  "version": 1,
  "author": "Minh Nguyễn",
  "editor": "wokwi",
  "parts": [
    {
      "type": "board-esp32-c3-devkitm-1",
      "id": "esp",
      "top": -38.7,
      "left": -339.78,
      "attrs": {}
    },
    {
      "type": "board-ssd1306",
      "id": "oled1",
      "top": 31.94,
      "left": -460.57,
      "attrs": { "i2cAddress": "0x3c" }
    },
    {
      "type": "wokwi-hx711",
      "id": "cell1",
      "top": -26.2,
      "left": -199,
      "attrs": { "type": "50kg" }
    },
    {
      "type": "wokwi-pushbutton",
      "id": "btn1",
      "top": 207,
      "left": -470,
      "attrs": { "color": "grey", "label": "UP" }
    },
    {
      "type": "wokwi-pushbutton",
      "id": "btn2",
      "top": 207,
      "left": -370,
      "attrs": { "color": "grey", "label": "DOWN" }
    },
    {
      "type": "wokwi-pushbutton",
      "id": "btn3",
      "top": 207,
      "left": -270,
      "attrs": { "color": "green", "label": "MODE" }
    },
    {
      "type": "wokwi-pushbutton",
      "id": "btn4",
      "top": 207,
      "left": -170,
      "attrs": { "color": "blue", "label": "TAREE" }
    },
    {
      "type": "wokwi-pushbutton",
      "id": "btn6",
      "top": 207,
      "left": -70,
      "attrs": { "color": "green", "label": "RECORD" }
    }
  ],
  "connections": [
    [ "esp:TX", "$serialMonitor:RX", "", [] ],
    [ "esp:RX", "$serialMonitor:TX", "", [] ],
    [ "oled1:GND", "esp:GND.1", "black", [ "v-9.6", "h76.8", "v-48" ] ],
    [ "oled1:VCC", "esp:3V3.2", "red", [ "v-9.6", "h67.35", "v-28.8", "h19.2" ] ],
    [ "oled1:SCL", "esp:3", "green", [ "v-9.6", "h57.9", "v-9.6" ] ],
    [ "oled1:SDA", "esp:2", "green", [ "v-9.6", "h48.07", "v-19.2" ] ],
    [ "cell1:GND", "esp:GND.10", "black", [ "h-9.6", "v-19.5" ] ],
    [ "cell1:VCC", "esp:5V.2", "#8f4814", [ "h-9.6", "v96", "h-144", "v-19.2" ] ],
    [ "cell1:DT", "esp:6", "green", [ "h-9.6", "v47.5" ] ],
    [ "cell1:SCK", "esp:7", "green", [ "h-9.6", "v28" ] ],
    [ "esp:GND.5", "btn1:2.l", "black", [ "v9.6", "h-153.6", "v114.2" ] ],
    [ "btn1:2.r", "btn2:2.l", "green", [ "h0" ] ],
    [ "btn2:2.r", "btn3:2.l", "green", [ "h0" ] ],
    [ "btn3:2.r", "btn4:2.l", "green", [ "h0" ] ],
    [ "btn1:1.r", "esp:9", "green", [ "v-85.6", "h163", "v-115.2" ] ],
    [ "btn2:1.r", "esp:8", "green", [ "v-85.6", "h63", "v-105.6" ] ],
    [ "btn3:1.r", "esp:5", "green", [ "v-86.4", "h-37", "v-67.2" ] ],
    [ "btn4:1.r", "esp:4", "green", [ "v-86.4", "h-137", "v-57.6" ] ],
    [ "btn4:2.r", "btn6:2.l", "green", [ "h0" ] ],
    [ "btn6:1.r", "esp:18", "green", [ "v-85.6", "h-237", "v-38.4" ] ]
  ],
  "dependencies": {}
}